Polar(64, 32)
L=32
Rate-profile=dega
design SNR=4
Conv Poly=[1]
CRC=0 bits, Systematic=False

SNR: 3.0; 3.5; 4.0; 4.5; 5.0; 
BER: 0.0030812230603448278; 0.0023874124081353617; 0.00045833176638712344; 0.00014305587425424507; 2.7266954620935082e-05; 
FER: 0.013739224137931034; 0.008716458725004273; 0.0019179421608815012; 0.0005851307939421754; 0.00011649128256902109; Polar(64, 32)
L=32
Rate-profile=dega
design SNR=2
Conv Poly=[1]
CRC=0 bits, Systematic=False

SNR: 3.0; 3.5; 4.0; 
BER: 0.0037688442211055275; 0.0016308297000924826; 0.0004780360549051876; 
FER: 0.01507537688442211; 0.006738010305192232; 0.0019074690503796238; 